sentence_type,train,val,test
commands or instructions,0.12080570624874422,0.12098070739549839,0.12053033346725593
complaints or frustrations,0.12994775969459513,0.12982315112540194,0.1305745279228606
compliments or praise,0.14034558971267833,0.13946945337620578,0.14102049015668944
exclamations or reactions,0.11372312638135423,0.11414790996784566,0.1124949779027722
observations or statements,0.11372312638135423,0.1137459807073955,0.11289674568099639
questions,0.12442234277677315,0.12419614147909967,0.12454801124949778
requests or suggestions,0.1295961422543701,0.12982315112540194,0.1297709923664122
warnings or advice,0.1274362065501306,0.12781350482315113,0.12816392125351547
